,,,,,,Replicate 1,,Replicate 2,,Replicate 3,,Average,,Std. Dev.,,Percent CV,,Percent WT Titer,Std. Dev. Norm.
Well,Fluor,Target,Content,capsid,Sample,Cq,SQ,Cq,SQ,Cq,SQ,Cq,SQ,Cq,SQ,Cq,SQ,,
A03,HEX,rep,Unkn,AAV2,WT,24.62791673,316241.7912,24.62724172,316389.1295,25.0577098,235080.338,24.77095608,289237.0862,0.24833623,46901.17759,1.002529856,16.21547852,100,16.21547852
B03,HEX,rep,Unkn,AAV2,N139R,25.52800094,169932.5775,25.12965617,223694.3359,25.29165173,200035.5528,25.31643628,197887.4888,0.200325598,26945.17213,0.791286717,13.61641016,68.41705237,9.31594647
C03,HEX,rep,Unkn,AAV2,H92A,35.0900479,231.5609114,34.7003089,303.0153034,34.32671642,392.1254142,34.70569107,308.900543,0.381694199,80.44387438,1.099802907,26.04199837,0.106798387,0.027812434
D03,HEX,rep,Unkn,AAV2,A213V,32.04245465,1896.645708,31.64656326,2492.466403,31.93418874,2043.769853,31.87440222,2144.293988,0.20460528,310.3697819,0.641910957,14.47421779,0.741362049,0.107306358
E03,HEX,rep,Unkn,AAV2,K340H,34.98252539,249.3952848,35.28995527,201.7231838,35.14251107,223.327793,35.13833058,224.8154205,0.153757569,23.8708416,0.4375779,10.61797342,0.077727038,0.008253036
F03,HEX,rep,Unkn,AAV2,A222R,24.47660832,351046.1965,24.65953995,309415.6156,24.47922649,350412.5431,24.53845825,336958.1184,0.104867996,23854.61118,0.427361796,7.079399451,116.4989327,8.247424801
G03,HEX,rep,Unkn,AAV2,Q439T,25.14155393,221865.3061,24.23381434,415074.6622,23.39600614,739955.4851,24.2571248,458965.1512,0.873007337,261818.9062,3.598972854,57.04548713,158.681294,90.52051715
A06,HEX,rep,Unkn,AAV5,WT,24.62611119,316636.0489,24.90321891,261526.1139,24.54934787,333860.6602,24.69289266,304007.6077,0.186147792,37784.65022,0.753851704,12.42885022,100,12.42885022
B06,HEX,rep,Unkn,AAV5,N139R,25.11599223,225813.4885,25.26123713,204278.1983,25.13654916,222632.8552,25.1712595,217574.8473,0.07859788,11624.53288,0.312252473,5.342774231,71.56888244,3.823763808
C06,HEX,rep,Unkn,AAV5,H92A,34.66770068,309.910855,34.72210963,298.490964,34.98895231,248.2916871,34.79292088,285.564502,0.171934075,32.78033746,0.49416396,11.47913597,0.093933341,0.010782736
D06,HEX,rep,Unkn,AAV5,A213V,30.57158637,5233.41064,30.46285741,5641.172217,30.77451737,4549.558316,30.60298705,5141.380391,0.158184974,551.5953243,0.516893901,10.7285453,1.691201227,0.18144129
E06,HEX,rep,Unkn,AAV5,K340H,35.39914205,187.082889,35.5650143,166.8493348,35.1413574,223.5056523,35.36850458,192.479292,0.213483681,28.7110685,0.603598267,14.9164454,0.063313972,0.009444194
F06,HEX,rep,Unkn,AAV5,A222R,25.44412317,180058.5037,25.30643063,198005.913,25.21916495,210295.7329,25.32323959,196120.0499,0.113417176,15206.57319,0.447877829,7.753706572,64.51155988,5.002037058
G06,HEX,rep,Unkn,AAV5,Q439T,25.10672485,227262.1872,24.95308718,252679.634,24.86852276,267863.1734,24.9761116,249268.3315,0.120758653,20514.33053,0.483496611,8.229818206,81.99410977,6.747966173
A09,HEX,rep,Unkn,AAV9,WT,25.10431652,227640.1829,25.29499507,199574.5861,24.73967783,292769.6336,25.04632981,239994.8009,0.282163348,47810.1104,1.12656565,19.92131089,100,19.92131089
B09,HEX,rep,Unkn,AAV9,N139R,25.8508912,135991.2489,25.67791603,153231.9027,25.83693011,137307.7037,25.78857912,142176.9517,0.096090927,9596.469054,0.372610398,6.749665777,59.24167992,3.998615395
C09,HEX,rep,Unkn,AAV9,H92A,34.81193605,280.5507739,34.67947358,307.4033652,35.12063202,226.7251078,34.87068055,271.559749,0.226370008,41.08374619,0.649170033,15.12880548,0.113152347,0.017118598
D09,HEX,rep,Unkn,AAV9,A213V,32.32482428,1560.860161,32.14934308,1761.786388,32.24345813,1651.004628,32.23920849,1657.883726,0.08781775,100.6395979,0.272394249,6.070365271,0.690799851,0.041934074
E09,HEX,rep,Unkn,AAV9,K340H,36.16171605,110.535386,35.40518092,186.3049109,35.26253801,205.5759861,35.60981166,167.4720943,0.483255203,50.24126937,1.357084411,29.99978568,0.069781551,0.020934316
F09,HEX,rep,Unkn,AAV9,A222R,25.69439128,151499.7072,25.63650191,157674.1239,25.61331618,160217.0992,25.64806979,156463.6434,0.041757094,4482.987607,0.162807939,2.865194437,65.19459708,1.867951969
G09,HEX,rep,Unkn,AAV9,Q439T,24.18091585,430505.9495,24.23632045,414357.4724,24.25697348,408494.0671,24.2247366,417785.8297,0.03932976,11399.38452,0.162353715,2.728523494,174.0812002,4.749846445
